{
  "ue1": {
    "slope": -3.1312061174569985,
    "intercept": 1.08155720998329,
    "correlation": -1.0
  },
  "ue2": {
    "slope": -1.3846547239671305,
    "intercept": 1.0692321658371102,
    "correlation": -1.0
  },
  "sum": {
    "slope": -0.9600914409232132,
    "intercept": 1.073011274892811,
    "correlation": -1.0
  },
  "min": {
    "slope": -3.1312061174569985,
    "intercept": 1.08155720998329,
    "correlation": -1.0
  },
  "max": {
    "slope": -1.3846547239671305,
    "intercept": 1.0692321658371102,
    "correlation": -1.0
  },
  "avg": {
    "slope": -1.9201828818464264,
    "intercept": 1.073011274892811,
    "correlation": -1.0
  },
  "havg": {
    "slope": -2.2551046481351604,
    "intercept": 1.0772389732408156,
    "correlation": -0.9999999999999999
  }
}