{
  "ue1": {
    "roc_auc": 0.4285714285714286,
    "fpr": [
      0.0,
      0.07142857142857142,
      0.14285714285714285,
      1.0
    ],
    "tpr": [
      0.0,
      0.0,
      0.0,
      1.0
    ],
    "thresholds": [
      Infinity,
      0.26072768983150446,
      0.2605450524960787,
      0.0
    ]
  },
  "ue2": {
    "roc_auc": 0.4285714285714286,
    "fpr": [
      0.0,
      0.07142857142857142,
      0.14285714285714285,
      1.0
    ],
    "tpr": [
      0.0,
      0.0,
      0.0,
      1.0
    ],
    "thresholds": [
      Infinity,
      0.49999414756941,
      0.4999903656482865,
      0.0
    ]
  },
  "<function sum at 0x000001638543E5C0>": {
    "roc_auc": 0.4285714285714286,
    "fpr": [
      0.0,
      0.07142857142857142,
      0.14285714285714285,
      1.0
    ],
    "tpr": [
      0.0,
      0.0,
      0.0,
      1.0
    ],
    "thresholds": [
      Infinity,
      0.7607218374009145,
      0.7605354181443652,
      0.0
    ]
  },
  "<function min at 0x000001643364D800>": {
    "roc_auc": 0.4285714285714286,
    "fpr": [
      0.0,
      0.07142857142857142,
      0.14285714285714285,
      1.0
    ],
    "tpr": [
      0.0,
      0.0,
      0.0,
      1.0
    ],
    "thresholds": [
      Infinity,
      0.26072768983150446,
      0.2605450524960787,
      0.0
    ]
  },
  "<function max at 0x000001643364DDA0>": {
    "roc_auc": 0.4285714285714286,
    "fpr": [
      0.0,
      0.07142857142857142,
      0.14285714285714285,
      1.0
    ],
    "tpr": [
      0.0,
      0.0,
      0.0,
      1.0
    ],
    "thresholds": [
      Infinity,
      0.49999414756941,
      0.4999903656482865,
      0.0
    ]
  },
  "<function avg at 0x000001643364E7A0>": {
    "roc_auc": 0.4285714285714286,
    "fpr": [
      0.0,
      0.07142857142857142,
      0.14285714285714285,
      1.0
    ],
    "tpr": [
      0.0,
      0.0,
      0.0,
      1.0
    ],
    "thresholds": [
      Infinity,
      0.38036091870045724,
      0.3802677090721826,
      0.0
    ]
  },
  "<function havg at 0x000001643364E840>": {
    "roc_auc": 0.4285714285714286,
    "fpr": [
      0.0,
      0.07142857142857142,
      0.14285714285714285,
      1.0
    ],
    "tpr": [
      0.0,
      0.0,
      0.0,
      1.0
    ],
    "thresholds": [
      Infinity,
      0.3427332110523896,
      0.34257448886000064,
      0.0
    ]
  }
}