{
  "test_47": {
    "ue1": [
      0.0,
      0.0,
      0.2603478003333822,
      0.26174530693933784,
      0.25566860555997334,
      0.25920414580882606,
      0.0,
      0.0,
      0.0,
      0.0,
      0.0,
      0.06577895915851105,
      0.0,
      0.0,
      0.0,
      0.2561465401248565,
      0.13811951330989278,
      0.0,
      0.0,
      0.23771923923936392,
      0.261071194820911,
      0.0,
      0.26065712911305955,
      0.2594924657298365,
      0.2607877101613479,
      0.2500924288071915
    ],
    "ue2": [
      0.0,
      0.0,
      0.49999999999999994,
      0.49999999999999994,
      0.49999999999999994,
      0.49973615763149926,
      0.0,
      0.0,
      0.0,
      0.0,
      0.0,
      0.3663929542897919,
      0.0,
      0.0,
      0.0,
      0.4997799218994797,
      0.29537374875706435,
      0.0,
      0.0,
      0.4999074940812581,
      0.49999999999999994,
      0.0,
      0.49999999999999994,
      0.49999999999999994,
      0.5,
      0.49989372389462533
    ],
    "safe_scores": [
      0,
      1,
      1,
      0,
      1,
      1,
      1,
      1,
      1,
      1,
      1,
      1,
      1,
      1,
      1,
      1,
      0,
      1,
      0,
      1,
      1,
      1,
      1,
      1,
      1,
      1
    ]
  },
  "test_48": {
    "ue1": [
      0.0,
      0.08701142807273651,
      0.0,
      0.19145292730350183,
      0.0,
      0.0,
      0.0,
      0.2604140571939075,
      0.2593533087267618,
      0.0,
      0.0,
      0.0,
      0.0,
      0.0,
      0.2605247309043561,
      0.0,
      0.22590896796241838,
      0.0
    ],
    "ue2": [
      0.0,
      0.3663929542897919,
      0.0,
      0.4870561580918872,
      0.0,
      0.0,
      0.0,
      0.5,
      0.49996171276175566,
      0.0,
      0.0,
      0.0,
      0.0,
      0.0,
      0.49999999999999994,
      0.0,
      0.4623392622788048,
      0.0
    ],
    "safe_scores": [
      1,
      0,
      0,
      1,
      1,
      0,
      0,
      1,
      0,
      1,
      1,
      1,
      0,
      0,
      1,
      1,
      0,
      1
    ]
  },
  "test_49": {
    "ue1": [
      0.0,
      0.0,
      0.0,
      0.1895878482658556,
      0.0,
      0.0,
      0.26131983884765275,
      0.25870403075828224,
      0.0,
      0.0,
      0.25983240444229877,
      0.0,
      0.15457285265730664,
      0.24053208144869806,
      0.0,
      0.0,
      0.0,
      0.0,
      0.0,
      0.14473560910953048,
      0.0,
      0.0,
      0.25857028941923504,
      0.2532803307340454,
      0.2346738604036562,
      0.0,
      0.24632680004847712,
      0.0,
      0.1744604558036507,
      0.16468103864825528,
      0.0,
      0.13015208959404453,
      0.24204157101521617,
      0.22762910892666421
    ],
    "ue2": [
      0.0,
      0.0,
      0.0,
      0.49539411759505503,
      0.0,
      0.0,
      0.49997581216418824,
      0.4999794520768865,
      0.0,
      0.0,
      0.49999999999999994,
      0.0,
      0.29939101319881967,
      0.4989029472092447,
      0.0,
      0.0,
      0.0,
      0.0,
      0.0,
      0.40009546589680745,
      0.0,
      0.0,
      0.4999666259584663,
      0.4993652554077888,
      0.49959361004076747,
      0.0,
      0.499278156126411,
      0.0,
      0.4443300655541427,
      0.4462583573983516,
      0.0,
      0.3663929542897919,
      0.39193153916630563,
      0.49984366949498016
    ],
    "safe_scores": [
      1,
      1,
      1,
      1,
      1,
      1,
      1,
      1,
      1,
      1,
      1,
      1,
      0,
      1,
      1,
      1,
      1,
      1,
      1,
      1,
      1,
      1,
      1,
      1,
      1,
      1,
      1,
      1,
      1,
      1,
      1,
      1,
      1,
      1
    ]
  },
  "test_50": {
    "ue1": [
      0.25995810784592754,
      0.2590662246812824,
      0.1804016241731793,
      0.1788265077518249,
      0.15443327191445874,
      0.1536926006862602,
      0.2529532675195832,
      0.0,
      0.0,
      0.2609261584856914,
      0.14803092211538377,
      0.2600359567185442,
      0.15572131697025568,
      0.0,
      0.0,
      0.0,
      0.24040070585516263,
      0.0,
      0.2602114472562011,
      0.0,
      0.2519439111074889,
      0.0,
      0.25599813904366014,
      0.25941741834386756,
      0.15332976399363968,
      0.24853415053517636,
      0.26053901605980195,
      0.254241552428715,
      0.26009398117273524,
      0.2596903449069046,
      0.2606549732571862,
      0.1632928660419205,
      0.260791116974992,
      0.2607769829615002,
      0.2608001714170782,
      0.0,
      0.0,
      0.2226054262527153,
      0.2530947841296385,
      0.24363334793617336,
      0.253587794205992,
      0.24324740213520551,
      0.26090326985129825,
      0.0,
      0.0,
      0.13776026104328581,
      0.0
    ],
    "ue2": [
      0.5,
      0.4998818649722407,
      0.44268547641408795,
      0.46943018769480954,
      0.4443300655541427,
      0.44187979119615123,
      0.4992736336904519,
      0.0,
      0.0,
      0.49999999999999994,
      0.3664055084579924,
      0.4998994275809552,
      0.4043188080244687,
      0.0,
      0.0,
      0.0,
      0.49884345902290433,
      0.0,
      0.49999999999999994,
      0.0,
      0.4985706969654252,
      0.0,
      0.49978692615001286,
      0.49999999999999994,
      0.40482814997098504,
      0.49993965077589914,
      0.49999213400376263,
      0.4991800665453066,
      0.4999508219628976,
      0.49991484405081626,
      0.49999999999999994,
      0.40971386413613464,
      0.49999129831237976,
      0.49999999999999994,
      0.4999462306643056,
      0.0,
      0.0,
      0.40940069236622606,
      0.49933407194060514,
      0.4997753896242047,
      0.4997049335070507,
      0.3751924581927687,
      0.5,
      0.0,
      0.0,
      0.4433556258786746,
      0.0
    ],
    "safe_scores": [
      1,
      1,
      1,
      1,
      1,
      1,
      1,
      1,
      1,
      1,
      1,
      1,
      1,
      1,
      1,
      1,
      1,
      1,
      1,
      0,
      1,
      1,
      1,
      1,
      1,
      0,
      1,
      1,
      1,
      1,
      1,
      1,
      1,
      1,
      1,
      1,
      1,
      1,
      1,
      1,
      1,
      1,
      0,
      0,
      1,
      0,
      1
    ]
  }
}