{
  "test_1": {
    "ue1": 0.04160829040095101,
    "safe_scores": 0.8
  },
  "test_2": {
    "ue1": 0.0958192938442388,
    "safe_scores": 0.7727272727272727
  }
}