{
  "test_41": {
    "ue1": [
      0.0,
      0.2555342645167062,
      0.0,
      0.0,
      0.0,
      0.0,
      0.1782224730809037,
      0.21543160053772656,
      0.22933195197769335,
      0.21055178607872693,
      0.0,
      0.18624394368689468,
      0.0,
      0.2588403804366525,
      0.17314359812870453,
      0.25955280226038613,
      0.25535145602356824,
      0.0,
      0.2556707621062207,
      0.0,
      0.26061241476442226
    ],
    "ue2": [
      0.0,
      0.49932535535788497,
      0.0,
      0.0,
      0.0,
      0.0,
      0.3663929542897917,
      0.4480267973755921,
      0.49999249464913326,
      0.3748349847644398,
      0.0,
      0.40807395649758543,
      0.0,
      0.49987160330029556,
      0.45919524147973023,
      0.5,
      0.49963365047224617,
      0.0,
      0.499915567623725,
      0.0,
      0.49999999999999994
    ],
    "safe_scores": [
      1,
      1,
      1,
      1,
      0,
      1,
      1,
      1,
      1,
      1,
      1,
      1,
      1,
      1,
      0,
      1,
      1,
      1,
      1,
      1,
      1
    ]
  },
  "test_42": {
    "ue1": [
      0.0,
      0.0,
      0.0,
      0.2600452679588753,
      0.26021528947004136,
      0.25999590247040133,
      0.16925776507357426,
      0.0,
      0.0,
      0.0,
      0.2300522873679234,
      0.065207635602012,
      0.0,
      0.25992329618181376,
      0.0,
      0.0,
      0.0,
      0.2562357818990904,
      0.0,
      0.0,
      0.0,
      0.0,
      0.25474766614687716,
      0.0,
      0.2566987441301473,
      0.25178244502077163,
      0.1395138448572656,
      0.13163365053399195,
      0.25984545806182163,
      0.26003180319132574,
      0.25907668358025016,
      0.2584592729171638,
      0.2539325296950046
    ],
    "ue2": [
      0.0,
      0.0,
      0.0,
      0.4999988587278909,
      0.4999662582944,
      0.4998421503432784,
      0.4321086916422809,
      0.0,
      0.0,
      0.0,
      0.4147492936763752,
      0.47072432518721946,
      0.0,
      0.49981377620221434,
      0.0,
      0.0,
      0.0,
      0.4994748057601026,
      0.0,
      0.0,
      0.0,
      0.0,
      0.4996779426705741,
      0.0,
      0.49996934731911075,
      0.4997950191724056,
      0.40971386413613464,
      0.4135457175810121,
      0.4999918007046296,
      0.49993058805268753,
      0.49996812397159596,
      0.4998940952752767,
      0.49952316046953227
    ],
    "safe_scores": [
      1,
      1,
      1,
      1,
      1,
      1,
      1,
      1,
      1,
      0,
      1,
      1,
      1,
      0,
      1,
      1,
      1,
      1,
      1,
      1,
      1,
      0,
      1,
      1,
      1,
      1,
      1,
      1,
      1,
      1,
      1,
      1,
      1
    ]
  },
  "test_43": {
    "ue1": [
      0.0,
      0.0,
      0.16907333041714723,
      0.049361221844050306,
      0.145491067833273,
      0.0,
      0.0,
      0.0,
      0.0,
      0.12659042665776826,
      0.0,
      0.0,
      0.0,
      0.0,
      0.26026586245561206,
      0.25877862710521216,
      0.25292226369381865,
      0.0,
      0.19821559954260917,
      0.0,
      0.2556953254613909,
      0.2465651314112454,
      0.23115056118031813,
      0.22972979419434486,
      0.22718655632427928,
      0.16687573982299847,
      0.18217853260339076,
      0.2540047543454844,
      0.24893737534500096,
      0.19738734188442458,
      0.2530109470773697
    ],
    "ue2": [
      0.0,
      0.0,
      0.3665290797958359,
      0.3663929542897917,
      0.3665857209685978,
      0.0,
      0.0,
      0.0,
      0.0,
      0.3664740785631331,
      0.0,
      0.0,
      0.0,
      0.0,
      0.49999999999999994,
      0.49980610180150925,
      0.49954328252013,
      0.0,
      0.41002547398442807,
      0.0,
      0.4998596270580605,
      0.4997459017890667,
      0.386304724972214,
      0.499997877034121,
      0.410785779377596,
      0.38827283652045513,
      0.36639295428979185,
      0.4999803198143075,
      0.4993328635076463,
      0.4492466971430247,
      0.49959294009174415
    ],
    "safe_scores": [
      1,
      1,
      1,
      1,
      1,
      0,
      1,
      1,
      1,
      1,
      1,
      1,
      1,
      1,
      1,
      1,
      1,
      1,
      0,
      1,
      1,
      0,
      0,
      1,
      1,
      1,
      1,
      1,
      1,
      1,
      0
    ]
  },
  "test_44": {
    "ue1": [
      0.24799311463823562,
      0.25690482937904374,
      0.0,
      0.0,
      0.0,
      0.26068711437837294,
      0.2602062668387885,
      0.261518662108781,
      0.22846005856067342,
      0.0,
      0.0,
      0.0,
      0.0,
      0.0,
      0.0,
      0.0,
      0.0,
      0.2612958228251494,
      0.18141888227831357,
      0.0,
      0.0,
      0.0,
      0.0,
      0.0,
      0.0,
      0.05980536714663318,
      0.1664478544406581,
      0.08088785218184284,
      0.0,
      0.13889162943057332,
      0.0,
      0.0,
      0.2556409256993965,
      0.24615068237728252,
      0.0,
      0.20160464660621574,
      0.2511577498143386,
      0.1351137883197612,
      0.25952776110888354,
      0.0,
      0.0,
      0.0,
      0.23911201737201487,
      0.0,
      0.08102509057752504,
      0.0,
      0.0,
      0.2538660703567865,
      0.0,
      0.0,
      0.0
    ],
    "ue2": [
      0.4997818446601636,
      0.49998688068593616,
      0.0,
      0.0,
      0.0,
      0.4999729352761054,
      0.49997175108293046,
      0.49999999999999994,
      0.4998435898171397,
      0.0,
      0.0,
      0.0,
      0.0,
      0.0,
      0.0,
      0.0,
      0.0,
      0.49999480845188216,
      0.44566139812607697,
      0.0,
      0.0,
      0.0,
      0.0,
      0.0,
      0.0,
      0.290209253653118,
      0.4443300655541427,
      0.36639295428979185,
      0.0,
      0.47429592474064386,
      0.0,
      0.0,
      0.49942722199757617,
      0.499351335870141,
      0.0,
      0.4084414313233592,
      0.49973277986301373,
      0.36639533194770324,
      0.4998453896076131,
      0.0,
      0.0,
      0.0,
      0.4981758866474788,
      0.0,
      0.36639295428979185,
      0.0,
      0.0,
      0.49993907825391815,
      0.0,
      0.0,
      0.0
    ],
    "safe_scores": [
      1,
      1,
      1,
      1,
      1,
      1,
      1,
      1,
      1,
      1,
      0,
      1,
      1,
      0,
      1,
      1,
      1,
      1,
      0,
      0,
      1,
      0,
      1,
      1,
      1,
      1,
      0,
      1,
      1,
      1,
      1,
      1,
      0,
      1,
      0,
      0,
      1,
      1,
      0,
      0,
      1,
      1,
      1,
      1,
      1,
      1,
      1,
      1,
      1,
      1,
      0
    ]
  },
  "test_45": {
    "ue1": [
      0.2096112633778936,
      0.15470746120169157,
      0.0,
      0.06971318378899324,
      0.25957919136937674,
      0.08101201719564523,
      0.0,
      0.2594137357972997,
      0.0,
      0.2544381222589842,
      0.0,
      0.0,
      0.0,
      0.08745589319324727,
      0.0,
      0.0,
      0.0,
      0.0,
      0.2582112096484333,
      0.25509087748516834,
      0.23267273684267525,
      0.23957745484218826,
      0.2553940962108214
    ],
    "ue2": [
      0.3769230616065621,
      0.44636515675232263,
      0.0,
      0.36639295428979185,
      0.4999749358485799,
      0.3664475845413582,
      0.0,
      0.49999999999999994,
      0.0,
      0.49979354472344284,
      0.0,
      0.0,
      0.0,
      0.29019705624311076,
      0.0,
      0.0,
      0.0,
      0.0,
      0.4999273503789609,
      0.3663929542897918,
      0.45773919289726067,
      0.4547531663030113,
      0.4997663490888393
    ],
    "safe_scores": [
      1,
      1,
      1,
      1,
      0,
      1,
      1,
      1,
      1,
      1,
      1,
      1,
      0,
      1,
      1,
      1,
      1,
      1,
      1,
      0,
      1,
      1,
      1
    ]
  },