{
  "test_1": {
    "ue1": [
      0.2389241979214929,
      0.19980510254004358,
      0.0,
      0.0,
      0.15468495471975688,
      0.0,
      0.19424797854633327,
      0.0,
      0.11843607045111341,
      0.0,
      0.0,
      0.0,
      0.0,
      0.0,
      0.2188953314125557,
      0.25865186269471435
    ],
    "ue2": [
      0.34430968570784387,
      0.43021625088848847,
      0.0,
      0.0,
      0.29019706467879414,
      0.0,
      0.30282734411557927,
      0.0,
      0.29019705624311065,
      0.0,
      0.0,
      0.0,
      0.0,
      0.0,
      0.434932580324717,
      0.49982522777285515
    ],
    "safe_scores": [
      0,
      1,
      1,
      1,
      1,
      1,
      1,
      1,
      1,
      1,
      1,
      1,
      1,
      1,
      1,
      1
    ]
  },
  "test_2": {
    "ue1": [
      0.0,
      0.0,
      0.26006818503670687,
      0.0,
      0.0,
      0.20620990218719493,
      0.16909200901599153,
      0.2609199548795831,
      0.0,
      0.10171455294816789,
      0.0,
      0.0,
      0.0,
      0.0,
      0.17062315707555414,
      0.0,
      0.1255325291660452,
      0.0,
      0.0,
      0.0,
      0.2588901649128535,
      0.0,
      0.08950951950136009
    ],
    "ue2": [
      0.0,
      0.0,
      0.49999999999999994,
      0.0,
      0.0,
      0.43968247300092395,
      0.29019705624311076,
      0.4999819487776972,
      0.0,
      0.29019705624311065,
      0.0,
      0.0,
      0.0,
      0.0,
      0.2905567901535714,
      0.0,
      0.2955928994974474,
      0.0,
      0.0,
      0.0,
      0.4998136034691482,
      0.0,
      0.2901970562431107
    ],
    "safe_scores": [
      1,
      1,
      1,
      1,
      1,
      1,
      1,
      1,
      1,
      1,
      1,
      1,
      1,
      0,
      1,
      1,
      1,
      1,
      0,
      1,
      1,
      1,
      1
    ]
  },
  "test_3": {
    "ue1": [
      0.0,
      0.0,
      0.2522291820514,
      0.0,
      0.0,
      0.0,
      0.17794578535145614,
      0.17289125761020188,
      0.0,
      0.0,
      0.0,
      0.06513461757548866,
      0.08200667941286441,
      0.10015586306621609,
      0.1580816762608987,
      0.05974727570982747,
      0.0,
      0.0,
      0.24211249426165116,
      0.0,
      0.0,
      0.2588561127400833,
      0.25924368275320603,
      0.0,
      0.0,
      0.10065057680218994,
      0.0,
      0.17000336259276141,
      0.2577000189260611,
      0.21660346214298604,
      0.2589901255226617,
      0.0,
      0.0,
      0.23704613247765352,
      0.0,
      0.0,
      0.0,
      0.2451672310423586,
      0.25535247306988823
    ],
    "ue2": [
      0.0,
      0.0,
      0.4996070571792209,
      0.0,
      0.0,
      0.0,
      0.4613349084215978,
      0.37127204146620874,
      0.0,
      0.0,
      0.0,
      0.29019705624311065,
      0.3663929542897919,
      0.29019705624311076,
      0.4443300655541427,
      0.2901970562431107,
      0.0,
      0.0,
      0.49950773572468915,
      0.0,
      0.0,
      0.49999999999999994,
      0.49999999999999994,
      0.0,
      0.0,
      0.3663929542897918,
      0.0,
      0.4443300655541427,
      0.49971126104030256,
      0.4508153347579604,
      0.4091863162360768,
      0.0,
      0.0,
      0.4434675002036708,
      0.0,
      0.0,
      0.0,
      0.499639769808218,
      0.49862905420369863
    ],
    "safe_scores": [
      0,
      1,
      0,
      1,
      1,
      1,
      1,
      1,
      1,
      1,
      0,
      1,
      1,
      0,
      1,
      1,
      1,
      0,
      0,
      1,
      1,
      1,
      1,
      1,
      1,
      1,
      0,
      1,
      1,
      1,
      1,
      1,
      1,
      0,
      1,
      1,
      1,
      1,
      0
    ]
  },
  "test_4": {
    "ue1": [
      0.0,
      0.15264632083022456,
      0.0,
      0.1498015253343737,
      0.0,
      0.24795829474237854,
      0.0,
      0.18603889544090146,
      0.0,
      0.16981307344622548,
      0.0,
      0.0,
      0.0,
      0.0,
      0.2601999943894644,
      0.2039029631405074,
      0.0,
      0.0,
      0.10700854798406405,
      0.0,
      0.0,
      0.0,
      0.10897616730855578,
      0.06574130420258288,
      0.0,
      0.0,
      0.2601794831030523,
      0.26054844384558595
    ],
    "ue2": [
      0.0,
      0.4443300655541427,
      0.0,
      0.29055880498162034,
      0.0,
      0.49898640649901027,
      0.0,
      0.36639295428979174,
      0.0,
      0.3666923136324084,
      0.0,
      0.0,
      0.0,
      0.0,
      0.49995961043322756,
      0.3210042885488659,
      0.0,
      0.0,
      0.4467372052758485,
      0.0,
      0.0,
      0.0,
      0.29019705624311065,
      0.29019705624311065,
      0.0,
      0.0,
      0.4999705642201985,
      0.4999796753454548
    ],
    "safe_scores": [
      1,
      1,
      1,
      1,
      1,
      1,
      0,
      1,
      1,
      1,
      1,
      1,
      1,
      1,
      1,
      1,
      1,
      1,
      1,
      1,
      1,
      1,
      1,
      1,
      1,
      1,
      1,
      1
    ]
  }
}