{
  "test_35": {
    "ue1": [
      0.0,
      0.0,
      0.2603885680999584,
      0.0,
      0.2186956106031846,
      0.0,
      0.2602839271713246,
      0.16494380505410433,
      0.0,
      0.0,
      0.0,
      0.1825133100753206,
      0.0,
      0.2604783578487004,
      0.26000212780532267,
      0.259322774308799,
      0.0,
      0.2590928888783085,
      0.25925955927459027,
      0.23739093733495317,
      0.22961918960734207,
      0.2609524416858324,
      0.0,
      0.25572200653015936,
      0.2591057270222947,
      0.07234914581186518,
      0.0,
      0.0,
      0.0,
      0.17916884423329418,
      0.25957809728427633,
      0.0,
      0.0,
      0.0,
      0.25722280953812954,
      0.2362054971032901,
      0.15123429600765712,
      0.23841232952207395,
      0.2608232980886985
    ],
    "ue2": [
      0.0,
      0.0,
      0.49999755926814804,
      0.0,
      0.4998962033896838,
      0.0,
      0.4999739414509551,
      0.4462316258631941,
      0.0,
      0.0,
      0.0,
      0.49999999999999994,
      0.0,
      0.49995134896534094,
      0.4999765131442519,
      0.49999999999999994,
      0.0,
      0.5,
      0.5,
      0.3950131589557539,
      0.32535690428057157,
      0.49999999999999994,
      0.0,
      0.4996320569193854,
      0.49991123577985097,
      0.3663929542897919,
      0.0,
      0.0,
      0.0,
      0.44202656815855834,
      0.5,
      0.0,
      0.0,
      0.0,
      0.49961779337688733,
      0.4980407309924946,
      0.4130381275267832,
      0.3482111063760862,
      0.4999692252828123
    ],
    "safe_scores": [
      1,
      1,
      1,
      1,
      1,
      1,
      1,
      1,
      1,
      0,
      1,
      1,
      0,
      1,
      1,
      1,
      1,
      1,
      1,
      1,
      1,
      1,
      1,
      1,
      1,
      0,
      1,
      0,
      1,
      1,
      0,
      1,
      0,
      0,
      1,
      1,
      0,
      1,
      0
    ]
  },
  "test_36": {
    "ue1": [
      0.0,
      0.0,
      0.0,
      0.2569311825740692,
      0.2580718554021568,
      0.0,
      0.0,
      0.0,
      0.25973607418733347,
      0.2590480051963522,
      0.24890863800373608,
      0.24057628132862757,
      0.2537323733587954,
      0.0,
      0.0,
      0.0,
      0.0,
      0.0,
      0.0,
      0.20186838996724846,
      0.0,
      0.2523903348440086,
      0.0,
      0.25517903749662746,
      0.0,
      0.2592363212773931,
      0.26071558923696525,
      0.25584099917828207,
      0.0,
      0.2553336939657396,
      0.21436341980412038,
      0.25723044060822486,
      0.2496884806694862,
      0.2223043696584708,
      0.25116268157567057
    ],
    "ue2": [
      0.0,
      0.0,
      0.0,
      0.49987226657896244,
      0.49983959902392017,
      0.0,
      0.0,
      0.0,
      0.49987739229802564,
      0.49984131498068096,
      0.49974378749976417,
      0.49943702991421285,
      0.4998007274264439,
      0.0,
      0.0,
      0.0,
      0.0,
      0.0,
      0.0,
      0.4992002977481288,
      0.0,
      0.49993092678918294,
      0.0,
      0.49988307295707707,
      0.0,
      0.49989455519739473,
      0.499967611172808,
      0.4998642799467664,
      0.0,
      0.499968412736506,
      0.40729826277178244,
      0.4998192766178147,
      0.49976513412669854,
      0.37898454203133064,
      0.49999802425115386
    ],
    "safe_scores": [
      1,
      1,
      1,
      1,
      1,
      1,
      1,
      0,
      1,
      1,
      1,
      1,
      1,
      1,
      1,
      1,
      1,
      1,
      1,
      1,
      1,
      1,
      1,
      1,
      1,
      1,
      1,
      1,
      1,
      1,
      1,
      1,
      1,
      1,
      1
    ]
  },
  "test_37": {
    "ue1": [
      0.0,
      0.0,
      0.0,
      0.0,
      0.25779243515250827,
      0.2551975485055872,
      0.0,
      0.0,
      0.043844577165214914,
      0.1608592307765597,
      0.0,
      0.2597267303390565,
      0.252130732408613,
      0.0,
      0.2489122079415335,
      0.0,
      0.0,
      0.0,
      0.0,
      0.0,
      0.0,
      0.0,
      0.0,
      0.0,
      0.0,
      0.0,
      0.0,
      0.0
    ],
    "ue2": [
      0.0,
      0.0,
      0.0,
      0.0,
      0.49982428833854203,
      0.49987353579454064,
      0.0,
      0.0,
      0.29019705624311076,
      0.4186910664716009,
      0.0,
      0.49999999999999994,
      0.4998150322559423,
      0.0,
      0.49878413794887505,
      0.0,
      0.0,
      0.0,
      0.0,
      0.0,
      0.0,
      0.0,
      0.0,
      0.0,
      0.0,
      0.0,
      0.0,
      0.0
    ],
    "safe_scores": [
      1,
      1,
      1,
      1,
      1,
      1,
      0,
      1,
      1,
      1,
      1,
      1,
      0,
      1,
      1,
      1,
      1,
      1,
      1,
      1,
      0,
      1,
      1,
      1,
      1,
      1,
      1,
      1
    ]
  },
  "test_38": {
    "ue1": [
      0.0,
      0.0,
      0.0,
      0.15031541528948708,
      0.0,
      0.0,
      0.0,
      0.0,
      0.0,
      0.2576814519414202,
      0.0,
      0.0,
      0.0,
      0.0,
      0.0,
      0.25268706565095567,
      0.0,
      0.0,
      0.1883605604501797,
      0.0,
      0.2581646712174527,
      0.25715639394779216,
      0.2608415826187946,
      0.18729250620896884,
      0.23876584655517022
    ],
    "ue2": [
      0.0,
      0.0,
      0.0,
      0.3663929965425095,
      0.0,
      0.0,
      0.0,
      0.0,
      0.0,
      0.49967454823645674,
      0.0,
      0.0,
      0.0,
      0.0,
      0.0,
      0.4992943147821431,
      0.0,
      0.0,
      0.4838824963727369,
      0.0,
      0.4998831029354116,
      0.5,
      0.5,
      0.49999999999999994,
      0.44570633118716046
    ],
    "safe_scores": [
      1,
      1,
      0,
      1,
      1,
      1,
      1,
      1,
      1,
      1,
      1,
      1,
      1,
      1,
      0,
      1,
      1,
      1,
      1,
      1,
      0,
      0,
      0,
      1,
      1
    ]
  },
  "test_39": {
    "ue1": [
      0.0,
      0.0,
      0.0,
      0.0,
      0.0,
      0.2598145893095009,
      0.17025697464227355,
      0.0,
      0.0,
      0.0,
      0.0,
      0.0,
      0.25081171014551784,
      0.26078876786655364,
      0.2575415544299767,
      0.2606432049319297,
      0.256347725078437,
      0.2152000092017425,
      0.25830862710682256,
      0.2602506911151947,
      0.26074405448742266,
      0.2552500049478683,
      0.2133260001792559,
      0.2600952990721979,
      0.26083751055076926,
      0.25787679194423396,
      0.19367809560075888,
      0.25647627939264506,
      0.0
    ],
    "ue2": [
      0.0,
      0.0,
      0.0,
      0.0,
      0.0,
      0.4999593656457306,
      0.40418131304912097,
      0.0,
      0.0,
      0.0,
      0.0,
      0.0,
      0.4993815377880739,
      0.5,
      0.4999659445014016,
      0.49999999999999994,
      0.49950426709862583,
      0.3821559388548204,
      0.4999408334958976,
      0.49993757065702094,
      0.4999821230742942,
      0.4999487339169048,
      0.4484845417773842,
      0.49999999999999994,
      0.49999999999999994,
      0.49994121013413456,
      0.49990419081847676,
      0.49965899831780813,
      0.0
    ],
    "safe_scores": [
      1,
      1,
      1,
      1,
      1,
      1,
      1,
      1,
      1,
      1,
      1,
      1,
      1,
      1,
      1,
      0,
      1,
      0,
      1,
      1,
      1,
      1,
      1,
      1,
      1,
      1,
      1,
      1,
      0
    ]
  },
  "test_40": {
    "ue1": [
      0.0,
      0.0,
      0.0,
      0.0,
      0.0,
      0.1282520440905184,
      0.0,
      0.0,
      0.0,
      0.1478053081564831,
      0.0,
      0.0,
      0.0,
      0.1935487955415513,
      0.0,
      0.0,
      0.0,
      0.26049618876805797,
      0.2482522288007939,
      0.1572776580666526,
      0.0
    ],