{
  "test_23": {
    "ue1": [
      0.0,
      0.0,
      0.17267938527332258,
      0.0,
      0.0,
      0.25723956196731057,
      0.25869385683216023,
      0.0,
      0.24998115585072306,
      0.0,
      0.0,
      0.2583132749619199,
      0.0,
      0.12166970613163816,
      0.0,
      0.17721262928998,
      0.0,
      0.0,
      0.25912140224864666,
      0.0,
      0.11357567979983085,
      0.0,
      0.0,
      0.0,
      0.0,
      0.22737075827289507,
      0.18124153459153047,
      0.10410956615600576,
      0.0,
      0.17223536000981202,
      0.26007433827232196,
      0.0,
      0.0,
      0.24630853639816563,
      0.0,
      0.2503953676703531,
      0.12879621624922233
    ],
    "ue2": [
      0.0,
      0.0,
      0.4263936573417791,
      0.0,
      0.0,
      0.49979542799316057,
      0.49996853984208944,
      0.0,
      0.4988641220195706,
      0.0,
      0.0,
      0.49980465566331356,
      0.0,
      0.40971386413613464,
      0.0,
      0.47933964122253625,
      0.0,
      0.0,
      0.49999999999999994,
      0.0,
      0.3663929542897919,
      0.0,
      0.0,
      0.0,
      0.0,
      0.4599545791763941,
      0.36642517362269655,
      0.40971386413613464,
      0.0,
      0.4443300655541427,
      0.4999997748061115,
      0.0,
      0.0,
      0.49770456998640455,
      0.0,
      0.49896333814850646,
      0.36639295532671484
    ],
    "safe_scores": [
      1,
      1,
      1,
      1,
      1,
      1,
      1,
      1,
      1,
      0,
      1,
      1,
      1,
      1,
      1,
      1,
      0,
      0,
      1,
      0,
      0,
      0,
      0,
      0,
      1,
      1,
      1,
      1,
      1,
      1,
      1,
      1,
      1,
      1,
      1,
      1,
      1
    ]
  },
  "test_24": {
    "ue1": [
      0.0,
      0.0,
      0.0,
      0.0,
      0.0,
      0.26031750750022625,
      0.0,
      0.0,
      0.0,
      0.0,
      0.1247778287139217,
      0.26014387810454004,
      0.0,
      0.0,
      0.0,
      0.0,
      0.0,
      0.25942498181373613,
      0.1803994053174935,
      0.0,
      0.0,
      0.0,
      0.26062505590887025,
      0.24264235202252493,
      0.24627810524085564,
      0.0,
      0.0,
      0.16803111356753922,
      0.0,
      0.12982745228896286,
      0.09160877333718424,
      0.09416063964889013,
      0.0
    ],
    "ue2": [
      0.0,
      0.0,
      0.0,
      0.0,
      0.0,
      0.49990173516658043,
      0.0,
      0.0,
      0.0,
      0.0,
      0.4325998016717925,
      0.5,
      0.0,
      0.0,
      0.0,
      0.0,
      0.0,
      0.4999957824714903,
      0.45285613458258234,
      0.0,
      0.0,
      0.0,
      0.49996199467432173,
      0.4983106656223846,
      0.4999862093650643,
      0.0,
      0.0,
      0.4443300655541427,
      0.0,
      0.40971386413613464,
      0.36639295428979174,
      0.36639295428979185,
      0.0
    ]
  },
  "test_25": {
    "ue1": [
      0.2594580655916197,
      0.0,
      0.0,
      0.041716861278299835,
      0.0,
      0.197301348808444,
      0.0,
      0.0,
      0.25494791146055445,
      0.0,
      0.0,
      0.0,
      0.0,
      0.0,
      0.0,
      0.0,
      0.0,
      0.0,
      0.22366174428375574,
      0.164445662340446,
      0.19770174490048617,
      0.0,
      0.25218166936957886,
      0.0,
      0.0,
      0.0,
      0.2269872508161048,
      0.0,
      0.2494446077256987,
      0.22890536394743988
    ],
    "ue2": [
      0.49995665854102467,
      0.0,
      0.0,
      0.3663929542897918,
      0.0,
      0.4046188886452591,
      0.0,
      0.0,
      0.4999734778573407,
      0.0,
      0.0,
      0.0,
      0.0,
      0.0,
      0.0,
      0.0,
      0.0,
      0.0,
      0.49785418387204716,
      0.3663929542897919,
      0.3713204558758629,
      0.0,
      0.49950571031326135,
      0.0,
      0.0,
      0.0,
      0.4988891784310276,
      0.0,
      0.4994339206666366,
      0.40981804899815466
    ],
    "safe_scores": [
      1,
      1,
      0,
      1,
      1,
      0,
      1,
      0,
      1,
      0,
      1,
      0,
      0,
      0,
      0,
      0,
      0,
      0,
      0,
      0,
      0,
      0,
      1,
      0,
      0,
      0,
      0,
      0,
      0,
      0
    ]
  },
  "test_26": {
    "ue1": [
      0.1553391592864695,
      0.0,
      0.0,
      0.0,
      0.0,
      0.0,
      0.1799465800407636,
      0.15610481541579427,
      0.0,
      0.0,
      0.0,
      0.03882970546399508,
      0.0,
      0.0,
      0.0,
      0.0,
      0.0,
      0.0,
      0.0,
      0.0,
      0.17858887456462252,
      0.18505042684123768,
      0.0,
      0.0,
      0.20518571343773392,
      0.24374262484777875,
      0.08656172825242296,
      0.0,
      0.0,
      0.25861324946583164,
      0.0,
      0.25489429161957244,
      0.2588202750972628,
      0.0,
      0.2590910074349631,
      0.24942078467867124,
      0.0,
      0.0,
      0.0,
      0.0,
      0.0,
      0.2516302283633162,
      0.2173915107441283
    ],
    "ue2": [
      0.37324426947671807,
      0.0,
      0.0,
      0.0,
      0.0,
      0.0,
      0.4442501732817254,
      0.4443300655541427,
      0.0,
      0.0,
      0.0,
      0.36639295428979185,
      0.0,
      0.0,
      0.0,
      0.0,
      0.0,
      0.0,
      0.0,
      0.0,
      0.4100667148840693,
      0.4477095782489252,
      0.0,
      0.0,
      0.4976735490363093,
      0.4999096242070472,
      0.4149875435478208,
      0.0,
      0.0,
      0.4999826705008199,
      0.0,
      0.4997196243305108,
      0.49988253931639265,
      0.0,
      0.4999231497483488,
      0.4987841184509242,
      0.0,
      0.0,
      0.0,
      0.0,
      0.0,
      0.4993514845741232,
      0.37952343794260524
    ],
    "safe_scores": [
      1,
      1,
      1,
      1,
      1,
      1,
      1,
      1,
      1,
      0,
      0,
      1,
      1,
      1,
      1,
      1,
      1,
      1,
      1,
      1,
      1,
      1,
      1,
      1,
      1,
      1,
      1,
      0,
      1,
      1,
      1,
      1,
      1,
      1,
      0,
      1,
      1,
      1,
      1,
      1,
      1,
      1,
      1
    ]
  },
  "test_27": {
    "ue1": [
      0.0,
      0.2603751471537253,
      0.0,
      0.0,
      0.08707375009741726,
      0.16415649904856405,
      0.0,
      0.26070107851484337,
      0.0,
      0.0,
      0.0,
      0.25815245673883913,
      0.26129791988005363,
      0.0,
      0.07914532321068075,
      0.0,
      0.0,
      0.2597144924180206,
      0.16146746099388481,
      0.2603843825329694,
      0.2593952153647751,
      0.0,
      0.0,
      0.2603938029650481,
      0.0,
      0.25861796889622135,
      0.1382654789944668,
      0.0,
      0.12584346605856273,
      0.2463801426397953,
      0.2601760471988152,
      0.2496257969124565
    ],
    "ue2": [
      0.0,
      0.49999999999999994,
      0.0,
      0.0,
      0.3663929542897918,
      0.3663929542897919,
      0.0,
      0.4999978818546576,
      0.0,
      0.0,
      0.0,
      0.49999999999999994,
      0.4999885180520215,
      0.0,
      0.3663929542897918,
      0.0,
      0.0,
      0.49988502992923844,
      0.4457218351613923,
      0.4999956921673185,
      0.4999486277224801,
      0.0,
      0.0,
      0.49999999999999994,
      0.0,
      0.4999514173505203,
      0.4129180127369913,
      0.0,
      0.40150090765155033,
      0.4985065776038175,
      0.49999100108022143,
      0.49997608073337285
    ],
    "safe_scores": [
      1,
      1,
      1,
      1,
      1,
      1,
      1,
      1,
      1,
      1,
      1,
      1,
      1,
      1,
      1,
      0,
      0,
      1,
      0,
      1,
      1,
      1,
      1,
      1,
      1,
      0,
      1,
      1,
      1,
      1,
      1,
      1
    ]
  },