{
  "test_17": {
    "ue1": [
      0.0,
      0.16427663745590057,
      0.2600120556043742,
      0.07936125905557144,
      0.0,
      0.09706746301839124,
      0.09018749100156119,
      0.0,
      0.0,
      0.0,
      0.06776616991419929,
      0.0,
      0.19579318882956484,
      0.0,
      0.18056649014953632,
      0.0,
      0.24210352410691766,
      0.1685330221278625,
      0.1842531787414111,
      0.11353811361823687,
      0.2608701361967087,
      0.0,
      0.2265870175126362,
      0.16900606701873147,
      0.16513084947123377,
      0.2611404783685386,
      0.25848154316647814,
      0.1096903415877967,
      0.0,
      0.0,
      0.0
    ],
    "ue2": [
      0.0,
      0.44676114610021783,
      0.49995193161012674,
      0.3663930722682944,
      0.0,
      0.3663936632425265,
      0.4434877792346949,
      0.0,
      0.0,
      0.0,
      0.36639295428979185,
      0.0,
      0.47036158185972,
      0.0,
      0.4190277888077876,
      0.0,
      0.49871126184529774,
      0.4446093720633323,
      0.4443300655541427,
      0.40971386413613475,
      0.49999999999999994,
      0.0,
      0.4994893233573522,
      0.4424413382724286,
      0.4443300655541427,
      0.49997207263053056,
      0.4996710613711487,
      0.40971386413613464,
      0.0,
      0.0,
      0.0
    ],
    "safe_scores": [
      1,
      1,
      1,
      1,
      1,
      1,
      1,
      1,
      0,
      1,
      0,
      1,
      1,
      1,
      1,
      1,
      1,
      1,
      0,
      0,
      0,
      0,
      0,
      1,
      1,
      1,
      1,
      0,
      0,
      1,
      1
    ]
  },
  "test_18": {
    "ue1": [
      0.0,
      0.2602837938910532,
      0.26097277433850674,
      0.0,
      0.0,
      0.0,
      0.25732843533707594,
      0.2590717760784119,
      0.0,
      0.0,
      0.0,
      0.0,
      0.0,
      0.0,
      0.26087283864702404,
      0.0,
      0.0,
      0.0,
      0.0,
      0.0,
      0.22123502033814726,
      0.0,
      0.0,
      0.0,
      0.20076740405584753,
      0.25772691422374183,
      0.24750044584251657,
      0.25827691103201905,
      0.0,
      0.0
    ],
    "ue2": [
      0.0,
      0.49998729117907587,
      0.49995127134320255,
      0.0,
      0.0,
      0.0,
      0.4999828917858675,
      0.4999413504303606,
      0.0,
      0.0,
      0.0,
      0.0,
      0.0,
      0.0,
      0.5,
      0.0,
      0.0,
      0.0,
      0.0,
      0.0,
      0.4204563244383491,
      0.0,
      0.0,
      0.0,
      0.4443300655541427,
      0.5,
      0.4985548981283381,
      0.4999325782685961,
      0.0,
      0.0
    ],
    "safe_scores": [
      1,
      1,
      1,
      1,
      1,
      1,
      1,
      1,
      1,
      1,
      1,
      1,
      1,
      0,
      1,
      1,
      1,
      0,
      1,
      1,
      1,
      1,
      1,
      1,
      1,
      0,
      1,
      1,
      1,
      1
    ]
  },
  "test_19": {
    "ue1": [
      0.0,
      0.0,
      0.0,
      0.0,
      0.0,
      0.18327823686992684,
      0.0,
      0.0,
      0.0,
      0.0,
      0.0,
      0.0,
      0.14691608013524443,
      0.26013827107506465,
      0.0,
      0.25418232241123645,
      0.24545937382488411,
      0.2509487018721992,
      0.19859158393445525,
      0.25873859560419177,
      0.15056583123962616,
      0.2456489369379096,
      0.25790654033161375
    ],
    "ue2": [
      0.0,
      0.0,
      0.0,
      0.0,
      0.0,
      0.4321262823200333,
      0.0,
      0.0,
      0.0,
      0.0,
      0.0,
      0.0,
      0.40971386413613475,
      0.5,
      0.0,
      0.4997862937633907,
      0.4992180077372671,
      0.4993618192591752,
      0.4502938429475746,
      0.49990612356607056,
      0.3664963774684661,
      0.3797056650327368,
      0.49993881286242275
    ],
    "safe_scores": [
      1,
      1,
      1,
      1,
      1,
      1,
      1,
      1,
      1,
      1,
      1,
      1,
      1,
      1,
      1,
      0,
      1,
      0,
      1,
      1,
      1,
      0,
      1
    ]
  },
  "test_20": {
    "ue1": [
      0.22620312874092574,
      0.1917438690992823,
      0.0,
      0.2534581263152386,
      0.20802935232144976,
      0.2559137031346384,
      0.2545855501398525,
      0.0,
      0.0,
      0.0,
      0.2586822789488388,
      0.0,
      0.2534703007044343,
      0.24536379114867132,
      0.12701920547789788,
      0.0,
      0.0,
      0.0,
      0.0,
      0.0,
      0.0,
      0.0,
      0.0,
      0.25865554378673733,
      0.25780182598744844
    ],
    "ue2": [
      0.38977231518968186,
      0.4503645149424809,
      0.0,
      0.49952978697286793,
      0.39992646064023313,
      0.4999523272259637,
      0.49802452619976884,
      0.0,
      0.0,
      0.0,
      0.5,
      0.0,
      0.49941286819925895,
      0.4996825836559811,
      0.44321949195910826,
      0.0,
      0.0,
      0.0,
      0.0,
      0.0,
      0.0,
      0.0,
      0.0,
      0.49999999999999994,
      0.5
    ],
    "safe_scores": [
      1,
      0,
      1,
      0,
      0,
      1,
      1,
      1,
      1,
      1,
      1,
      1,
      1,
      1,
      1,
      1,
      1,
      1,
      1,
      1,
      1,
      1,
      1,
      0,
      0
    ]
  },
  "test_21": {
    "ue1": [
      0.0,
      0.0,
      0.26084113270656256,
      0.0,
      0.0,
      0.0,
      0.15080991568076976,
      0.16118609764031555,
      0.24056978970882198,
      0.0,
      0.14885237861078934,
      0.0,
      0.0,
      0.24821858500935734,
      0.20125108822221358,
      0.1617516433562181,
      0.16440289628889038,
      0.21881365173922046,
      0.18696575630043163,
      0.1379083447180424,
      0.15037993552748793,
      0.2524956714036646,
      0.08332153242186788,
      0.0,
      0.0,
      0.2592235976807122,
      0.0,
      0.20459826728085098,
      0.2562846418434582,
      0.2507147598029568,
      0.23948218888627706,
      0.0,
      0.23527550122727667,
      0.2593131153253233,
      0.2610095129097773
    ],
    "ue2": [
      0.0,
      0.0,
      0.49998658851640415,
      0.0,
      0.0,
      0.0,
      0.40971386413613464,
      0.3713301938766353,
      0.49999528904538254,
      0.0,
      0.4444067471867095,
      0.0,
      0.0,
      0.49897325305330886,
      0.3702236344122143,
      0.44628794807433997,
      0.36639295428979196,
      0.450163670685628,
      0.36744268520165585,
      0.4097138641361348,
      0.3819100837625447,
      0.4998186403907103,
      0.40971386413613464,
      0.0,
      0.0,
      0.49999138440096846,
      0.0,
      0.40971386413613475,
      0.49988018248282123,
      0.49970693673757366,
      0.4594285450037047,
      0.0,
      0.4973855873744843,
      0.4999771628777487,
      0.49999999999999994
    ],
    "safe_scores": [
      1,
      1,
      1,
      1,
      1,
      1,
      1,
      1,
      1,
      0,
      1,
      0,
      0,
      1,
      1,
      0,
      0,
      1,
      0,
      1,
      1,
      0,
      1,
      1,
      1,
      1,
      1,
      0,
      1,
      1,
      0,
      1,
      1,
      1,
      1
    ]
  },