{
  "test_1": {
    "ue1": [
      0.0,
      0.2605450524960787,
      0.0,
      0.0,
      0.0,
      0.0,
      0.0,
      0.0,
      0.0,
      0.0,
      0.0,
      0.0,
      0.0,
      0.0,
      0.26072768983150446,
      0.0,
      0.0
    ],
    "ue2": [
      0.0,
      0.4999903656482865,
      0.0,
      0.0,
      0.0,
      0.0,
      0.0,
      0.0,
      0.0,
      0.0,
      0.0,
      0.0,
      0.0,
      0.0,
      0.49999414756941,
      0.0,
      0.0
    ],
    "safe_scores": [
      1,
      1,
      1,
      1,
      1,
      1,
      1,
      1,
      0,
      1,
      1,
      1,
      0,
      1,
      1,
      0,
      1
    ]
  }
}