{
  "test_30": {
    "ue1": [
      0.25960792762526247,
      0.0,
      0.0,
      0.0,
      0.0,
      0.0,
      0.0,
      0.0,
      0.0,
      0.16862693262481807,
      0.2432579874269811,
      0.0,
      0.0,
      0.0,
      0.0,
      0.0,
      0.0,
      0.0,
      0.0,
      0.0,
      0.0,
      0.0,
      0.0,
      0.0,
      0.0,
      0.0,
      0.0,
      0.19269774668037376,
      0.0,
      0.0,
      0.16549272620840028,
      0.23803166512521923,
      0.18514533296245678
    ],
    "ue2": [
      0.49999999999999994,
      0.0,
      0.0,
      0.0,
      0.0,
      0.0,
      0.0,
      0.0,
      0.0,
      0.4443300655541427,
      0.49684750308418396,
      0.0,
      0.0,
      0.0,
      0.0,
      0.0,
      0.0,
      0.0,
      0.0,
      0.0,
      0.0,
      0.0,
      0.0,
      0.0,
      0.0,
      0.0,
      0.0,
      0.4347952596078887,
      0.0,
      0.0,
      0.40971386413613464,
      0.44267655334955813,
      0.411044500199984
    ],
    "safe_scores": [
      1,
      1,
      1,
      1,
      0,
      1,
      1,
      1,
      1,
      1,
      0,
      1,
      1,
      1,
      1,
      1,
      1,
      1,
      0,
      1,
      1,
      1,
      1,
      0,
      1,
      0,
      0,
      1,
      0,
      0,
      1,
      1,
      0
    ]
  },
  "test_31": {
    "ue1": [
      0.0,
      0.17902633090676295,
      0.21464194445563986,
      0.0,
      0.0,
      0.09475327030187913,
      0.0,
      0.0,
      0.23709288075009705,
      0.2537231494525011,
      0.154946687726079,
      0.0,
      0.0,
      0.0,
      0.0,
      0.0,
      0.26093023536166693,
      0.0,
      0.0,
      0.0,
      0.0,
      0.2570064507897343,
      0.0,
      0.2164209959017789,
      0.0,
      0.2541991937115744,
      0.23210750672613364,
      0.21566853355349222,
      0.0,
      0.0,
      0.2578083521329687,
      0.22488092197893275,
      0.24761645347364142,
      0.25943843765004987,
      0.2581691214824793,
      0.25807431010376836,
      0.2381771481211496
    ],
    "ue2": [
      0.0,
      0.36672613257546377,
      0.3891202060498082,
      0.0,
      0.0,
      0.29019705624311065,
      0.0,
      0.0,
      0.3874279038656609,
      0.4998098788958381,
      0.36639519747802496,
      0.0,
      0.0,
      0.0,
      0.0,
      0.0,
      0.5,
      0.0,
      0.0,
      0.0,
      0.0,
      0.4998846746639321,
      0.0,
      0.3138117759136333,
      0.0,
      0.49978572069397076,
      0.3816852037438393,
      0.443234719390184,
      0.0,
      0.0,
      0.49990836457782434,
      0.3792319910800647,
      0.4989152998588965,
      0.49994600252517174,
      0.49993660157808956,
      0.49990064811042634,
      0.4971196145553839
    ],
    "safe_scores": [
      1,
      1,
      1,
      0,
      0,
      1,
      0,
      1,
      0,
      1,
      1,
      1,
      1,
      1,
      1,
      1,
      1,
      0,
      1,
      1,
      1,
      1,
      1,
      1,
      1,
      1,
      1,
      0,
      0,
      1,
      1,
      1,
      1,
      1,
      1,
      1,
      1
    ]
  },
  "test_32": {
    "ue1": [
      0.2597047162416011,
      0.0,
      0.2120570005272299,
      0.0,
      0.0,
      0.0,
      0.0,
      0.0,
      0.0,
      0.0,
      0.2076724603690301,
      0.0,
      0.0,
      0.0,
      0.09247663435401707,
      0.1561478293185931,
      0.1686559200555119,
      0.0,
      0.0,
      0.0,
      0.1761377612174411,
      0.0,
      0.0,
      0.10475252514214532,
      0.0,
      0.0,
      0.0,
      0.0,
      0.0,
      0.0,
      0.0,
      0.0,
      0.0,
      0.0,
      0.0,
      0.0,
      0.2428004841156324,
      0.0,
      0.0,
      0.17533120731434562,
      0.08269535917344412,
      0.25420157120702874
    ],
    "ue2": [
      0.4998988067447388,
      0.0,
      0.4546221476739911,
      0.0,
      0.0,
      0.0,
      0.0,
      0.0,
      0.0,
      0.0,
      0.42137062264642283,
      0.0,
      0.0,
      0.0,
      0.29019885965985825,
      0.4443300655541427,
      0.4443300655541427,
      0.0,
      0.0,
      0.0,
      0.3690557451740529,
      0.0,
      0.0,
      0.3663929542897918,
      0.0,
      0.0,
      0.0,
      0.0,
      0.0,
      0.0,
      0.0,
      0.0,
      0.0,
      0.0,
      0.0,
      0.0,
      0.49972646759414324,
      0.0,
      0.0,
      0.4443300655541427,
      0.36639295428979174,
      0.49999999999999994
    ],
    "safe_scores": [
      1,
      0,
      0,
      1,
      1,
      1,
      1,
      1,
      1,
      1,
      1,
      1,
      0,
      0,
      1,
      1,
      0,
      1,
      1,
      1,
      1,
      0,
      1,
      1,
      0,
      0,
      1,
      1,
      1,
      1,
      1,
      1,
      0,
      1,
      0,
      0,
      1,
      1,
      1,
      0,
      0,
      0
    ]
  },
  "test_33": {
    "ue1": [
      0.2578615747827059,
      0.0,
      0.0,
      0.23521342178777596,
      0.0,
      0.0,
      0.0,
      0.0,
      0.1931913696703505,
      0.26039990201709934,
      0.24304041656852848,
      0.0,
      0.0,
      0.0,
      0.0,
      0.0,
      0.0,
      0.0,
      0.0,
      0.0,
      0.2586213901673003,
      0.0,
      0.25888145490197323,
      0.16781318278062535,
      0.0,
      0.0,
      0.09138473011478893,
      0.1655342532486296,
      0.25518426548570183,
      0.0,
      0.0,
      0.25995656761730646,
      0.0,
      0.25596820220298466,
      0.0,
      0.13608439076012202,
      0.0,
      0.2595388712118139
    ],
    "ue2": [
      0.49999999999999994,
      0.0,
      0.0,
      0.49261221301680086,
      0.0,
      0.0,
      0.0,
      0.0,
      0.4299165263489613,
      0.4999999447087019,
      0.41772631581146036,
      0.0,
      0.0,
      0.0,
      0.0,
      0.0,
      0.0,
      0.0,
      0.0,
      0.0,
      0.49976635783170903,
      0.0,
      0.49999999999999994,
      0.4443300655541427,
      0.0,
      0.0,
      0.4055021018364372,
      0.36642079658855925,
      0.49988491145735375,
      0.0,
      0.0,
      0.49999999999999994,
      0.0,
      0.49986101486857853,
      0.0,
      0.4060530919161537,
      0.0,
      0.49998794069324637
    ],
    "safe_scores": [
      1,
      1,
      0,
      0,
      1,
      1,
      1,
      0,
      0,
      1,
      0,
      1,
      1,
      1,
      1,
      0,
      1,
      1,
      0,
      1,
      1,
      0,
      0,
      1,
      1,
      1,
      0,
      0,
      1,
      1,
      1,
      1,
      1,
      1,
      0,
      0,
      1,
      1
    ]
  },
  "test_34": {
    "ue1": [
      0.0,
      0.23542742281853088,
      0.0,
      0.0,
      0.0,
      0.0,
      0.22401925066158365,
      0.0,
      0.0,
      0.07325298174878424,
      0.0,
      0.18973220922293374,
      0.0,
      0.2605072371089351,
      0.0,
      0.2566007176296936,
      0.0,
      0.25987873423327623,
      0.0,
      0.0,
      0.2612382611032981,
      0.24874954878708602,
      0.1892245155076309,
      0.0,
      0.0,
      0.0,
      0.0,
      0.0,
      0.0,
      0.0,
      0.0,
      0.0,
      0.0,
      0.0,
      0.0,
      0.0,
      0.0,
      0.26009417148378355,
      0.2593760476734676,
      0.0,
      0.0,
      0.0,
      0.256455170605145,
      0.2604693720302752,
      0.0,
      0.0,
      0.0,
      0.25310724004037666
    ],